{
  "width": 640,
  "height": 480,
  "fx": 634.8903778558264,
  "fy": 632.7715809162412,
  "cx": 322.2727789154026,
  "cy": 269.4157239109693,
  "dist": [
    -0.0492507800576814,
    1.763990040098554,
    0.013724283097385945,
    0.006623715842838481,
    -5.94850979650108
  ],
  "rms": 0.555373189985158,
  "board_cols": 9,
  "board_rows": 6,
  "square_size_m": 0.024
}